{
  "pdf_path": "resume/CV - Yamuna Devi.pdf",
  "out_path": "resume/_output/CV - Yamuna Devi_highlighted.pdf",
  "column_divider": 594.95996,
  "section_texts": {
    "PROFILE": "--- LEFT COLUMN ---\nI am yet to graduate with excellent research, technical, and problem-solving skills. Detail-oriented and able to learn\nnew concepts quickly.",
    "SKILLS": "--- LEFT COLUMN ---\nHtml / Css Python\nJava Microsoft office",
    "EDUCATION": "--- LEFT COLUMN ---\npresent Vellore Institute of Technology Vellore, India\nIntegrated M.Tech in CSE with Specialization in Data Science\nCurrent 8.06 GPA\nMay 2021 Vani Vidyalaya Matric Hr.Sec.School Vellore, India\nPass Out With 82%\nMar 2019 Vani Vidyalaya Matric Hr.Sec.School Vellore, India\nPass Out With 76.5%",
    "LANGUAGES": "--- LEFT COLUMN ---\nTamil English\nSpanish\nCERTIFICATES\nMERN Full Stack Development\nResponsive Web Design Certification\nIssued origization : freeCodeCamp\nSTRENGTH\nEffective Communication\n*\nRelationship building and networking\n*\nFlexibility, Adaptability\n*\nFast Learner\n*\nMultitasking and Organization\n*\nCreativity and Innovation\n*",
    "PROJECTS": "--- LEFT COLUMN ---\nJun 2024 Forentend, https://mernproject1-forntenddeploy.vercel.app/\nTechonologies used: Html,Css,javascript\n*\nMay 2024 - Jun 2024 MERN Full Stack Project, https://project-mu-blush.vercel.app/login\nTeam Size: 4 members | Duration: 1 month\n*\nTechnologies used: MongoDB, Express.js, React, Node.js\n*\nKey Features: CRUD operations, User authentication\n*\nYAMUNA DEVI E yamunadevi0001@gmail.com"
  },
  "headings": [
    {
      "page": 0,
      "text": "PROFILE",
      "x0": 69.984375,
      "y0": 121.48445892333984,
      "x1": 127.08834075927734,
      "y1": 139.70782470703125,
      "type": "PROFILE",
      "column": "left",
      "confidence": 0.95
    },
    {
      "page": 0,
      "text": "SKILLS",
      "x0": 69.984375,
      "y0": 187.48446655273438,
      "x1": 115.8557357788086,
      "y1": 205.70782470703125,
      "type": "SKILLS",
      "column": "left",
      "confidence": 0.95
    },
    {
      "page": 0,
      "text": "EDUCATION",
      "x0": 69.984375,
      "y0": 260.9844665527344,
      "x1": 147.43711853027344,
      "y1": 279.20782470703125,
      "type": "EDUCATION",
      "column": "left",
      "confidence": 0.95
    },
    {
      "page": 0,
      "text": "LANGUAGES",
      "x0": 69.984375,
      "y0": 407.9844665527344,
      "x1": 150.481201171875,
      "y1": 426.20782470703125,
      "type": "LANGUAGES",
      "column": "left",
      "confidence": 0.95
    },
    {
      "page": 0,
      "text": "PROJECTS",
      "x0": 69.984375,
      "y0": 689.2344360351562,
      "x1": 138.6107177734375,
      "y1": 707.4578247070312,
      "type": "PROJECTS",
      "column": "left",
      "confidence": 0.95
    }
  ],
  "font_statistics": {
    "mean": 9.607384549654448,
    "median": 10.5,
    "std": 4.193195872414297,
    "p25": 10.5,
    "p50": 10.5,
    "p75": 10.5,
    "p90": 14.497499465942383,
    "p95": 14.497499465942383,
    "min": 0.75,
    "max": 21.997499465942383,
    "most_common": 10.5,
    "heading_threshold": 11.55
  }
}