{
  "pdf_path": "resume/jobresume - sowmya Reddy.pdf",
  "out_path": "resume/_output/jobresume - sowmya Reddy_highlighted.pdf",
  "column_divider": 201.96,
  "section_texts": {
    "OTHER": "--- LEFT COLUMN ---\nDeveloped Responsive Websites-Food related and Travel Related\nIntermediate: C,\nNovice: JavaScript\n\n--- LEFT COLUMN ---\nHTML | CSS | JAVASCRIPT\nNovice: JavaScript\nProblem: Many Students face difficulties in preparing for placements due to disorganized resources and unclear focus on specific company requirements.\n\n--- LEFT COLUMN ---\nStructured approach for better preparation\nSorted sections for coding practice,verbal reasoning and company specific preparation material.\nPROGRAMMING\nAadi Foundation\nIntern | sep 2024 - oct 2024 | Delhi, India-Remote\n\n--- LEFT COLUMN ---\nWeb Development Enthisiast\nSri Chaitanya Techno Schhol\nExplori n g new technologies\nPublic Speaking\nLANGUAGES KNOWN\n\n--- LEFT COLUMN ---\n: By CISCO\n: By Great Learning Academy: By Infosys\n: By Mivros\noft : By Micros\noft Sowmyareddy1918\n\n--- RIGHT COLUMN ---\nDesigned and implemented a responsive website for a food business, leveraging HTML, CSS, Bootstrap, and JavaScript Anurag University\n2022-26 | Hyderabad\n2020-22 | Hyderabad\nPercentage: 96.9%\n\n--- RIGHT COLUMN ---\nProblem: Many Students face difficulties in preparing for placements due to\ndisorganized resources and unclear focus on specific company requirements.\nCGPA: 8.4\n\n--- RIGHT COLUMN ---\nHTML|CSS|BOOTSTRAP|JAVASCRIPT\nFOOD WEBSITE\nProblem : Many food websites struggle with poor user experience on different\ndevices, slow loading times, and difficult navigation, especially on mobile.\n\n--- RIGHT COLUMN ---\n2019-20 | Hyderabad\n\n--- RIGHT COLUMN ---\nwith peers to develop innovative solutions within a limited timeframe.\nI actively engage in chess as a strategic pursuit outside of academic commitments.\nPercentage: 10cgpa\nPython Essentials\n\n--- RIGHT COLUMN ---\nEngaged in a 48-hour Hackathon organized by our college, collaborating Data Structures in C\nwith peers to develop innovative solutions within a limited timeframe. Cloud Computing\nI actively engage in chess as a strategic pursuit outside of academic commitments. AI Fundamentals\n\n--- RIGHT COLUMN ---\nPython Essentials : By CISCO\n: By Infosys\nPython for Beginners:",
    "LANGUAGES": "--- LEFT COLUMN ---\nTools\nTe c hnolo gies\n* Linux\nHTML\nCSS\nAWS services\nSQL\n2020-22 | Hyderabad"
  },
  "headings": [
    {
      "page": 0,
      "text": "B. Tech, CSE",
      "x0": 347.1752624511719,
      "y0": 121.58706665039062,
      "x1": 398.8581848144531,
      "y1": 133.2801055908203,
      "type": "OTHER",
      "column": "right",
      "confidence": 0.6
    },
    {
      "page": 0,
      "text": "Advance: Python, Java",
      "x0": 30.811687469482422,
      "y0": 132.2635040283203,
      "x1": 82.65232849121094,
      "y1": 143.95654296875,
      "type": "OTHER",
      "column": "left",
      "confidence": 0.6
    },
    {
      "page": 0,
      "text": "Intermediate: C,",
      "x0": 32.20491409301758,
      "y0": 187.052001953125,
      "x1": 57.93883514404297,
      "y1": 198.7450408935547,
      "type": "OTHER",
      "column": "left",
      "confidence": 0.6
    },
    {
      "page": 0,
      "text": "Sri Chaitanya Techno Schhol",
      "x0": 432.775146484375,
      "y0": 194.06629943847656,
      "x1": 556.9527587890625,
      "y1": 206.0927734375,
      "type": "OTHER",
      "column": "right",
      "confidence": 0.6
    },
    {
      "page": 0,
      "text": "Developed a website that simplifies the preparation.",
      "x0": 45.58220672607422,
      "y0": 241.87051391601562,
      "x1": 63.03400421142578,
      "y1": 253.822509765625,
      "type": "OTHER",
      "column": "left",
      "confidence": 0.6
    },
    {
      "page": 0,
      "text": "Intermediate, MPC",
      "x0": 258.4637451171875,
      "y0": 248.7570343017578,
      "x1": 334.4574279785156,
      "y1": 260.2085876464844,
      "type": "OTHER",
      "column": "right",
      "confidence": 0.6
    },
    {
      "page": 0,
      "text": "Languages",
      "x0": 45.387969970703125,
      "y0": 335.6956481933594,
      "x1": 84.89604949951172,
      "y1": 347.51055908203125,
      "type": "LANGUAGES",
      "column": "left",
      "confidence": 0.95
    },
    {
      "page": 0,
      "text": "Designed and implemented a responsive website for a food business,",
      "x0": 258.8423156738281,
      "y0": 346.74566650390625,
      "x1": 591.2066040039062,
      "y1": 360.36041259765625,
      "type": "OTHER",
      "column": "right",
      "confidence": 0.6
    },
    {
      "page": 0,
      "text": "* English * Hindi * Telugu",
      "x0": 232.66754150390625,
      "y0": 406.86163330078125,
      "x1": 360.60211181640625,
      "y1": 417.894287109375,
      "type": "OTHER",
      "column": "right",
      "confidence": 0.6
    },
    {
      "page": 0,
      "text": "Percentage: 96.9%",
      "x0": 28.648611068725586,
      "y0": 478.3902587890625,
      "x1": 115.81414031982422,
      "y1": 490.2928466796875,
      "type": "OTHER",
      "column": "left",
      "confidence": 0.6
    },
    {
      "page": 0,
      "text": "CyberSecurity Essentials",
      "x0": 358.687744140625,
      "y0": 485.83447265625,
      "x1": 406.3964538574219,
      "y1": 497.306640625,
      "type": "OTHER",
      "column": "right",
      "confidence": 0.6
    },
    {
      "page": 0,
      "text": "Azure AI Services",
      "x0": 358.687744140625,
      "y0": 538.2584838867188,
      "x1": 409.18890380859375,
      "y1": 549.7306518554688,
      "type": "OTHER",
      "column": "right",
      "confidence": 0.6
    },
    {
      "page": 0,
      "text": "* English * Hindi * Telugu",
      "x0": 29.107284545898438,
      "y0": 582.77392578125,
      "x1": 145.125,
      "y1": 594.7258911132812,
      "type": "OTHER",
      "column": "left",
      "confidence": 0.6
    }
  ],
  "font_statistics": {
    "mean": 11.51411583549098,
    "median": 10.138507843017578,
    "std": 3.6068974188534466,
    "p25": 9.960000038146973,
    "p50": 10.138507843017578,
    "p75": 11.977499961853027,
    "p90": 14.34000301361084,
    "p95": 15.237261486053466,
    "min": 9.345000267028809,
    "max": 39.84749984741211,
    "most_common": 9.960000038146973,
    "heading_threshold": 11.977499961853027
  }
}