{
  "pdf_path": "resume/Maulie_Kothari_CV - Maulie Kothari.pdf",
  "out_path": "resume/_output/Maulie_Kothari_CV - Maulie Kothari_highlighted.pdf",
  "column_divider": 594.96,
  "section_texts": {
    "EDUCATION": "--- LEFT COLUMN ---\nDe g r ee/Exam Year Institute CGPA or %\nB.Tech. Computer Science and Engineering 2022- Present Vellore Institute of Technology, Vellore 8.33\nCBSE (Class XII) 2022 Ryan International School Sanpada, Navi 92.4\nMumbai\nCBSE (Class X) 2020 Delhi Public School Seawoods, Navi 97.2\nMumbai\n* Secured 92.6 percentile in JEE Mains 2022 among 11,00,000 aspirants\n* Scholar badge holder for showcasing academic excellence through classes VI-X.\n* Successfully completed A2 certification in German language",
    "EXPERIENCE": "--- LEFT COLUMN ---\nData Analytics Inspira Enterprise | June 2024 - Ongoing\nTrainee Intern | Project Guide: Padmanava Dastidar\n* Working on ETL jobs, using SQL, and Python scripting for data processing.\n* Experience with Jupyter lab and Colab for data processing.\nAtliQ Grands - Business and Data Intelligence [ dashboard ] Project\n* Developed a comprehensive dashboard using PowerBi as per stakeholder requirements, presenting critical metrics and\ninsights .\n* Identified additional insights such as seasonal trends and customer segmentation to provide deeper business intelligence .\nZomato Data Analysis [ code ] Project\n* Conducted comprehensive data analysis of Zomato App data, including data preprocessing, utilizing statistical tests,\nvisualization techniques, and machine learning models to predict customer app usage pattern.\nAndroid App Developer Corizo | May 2023-July 2023\nRemote Internship\n* Gained invaluable hands-on experience in the dynamic realm of app development.\n* Built a calculator app through Android studio, JavaScript and CSS.",
    "CERTIFICATIONS": "--- LEFT COLUMN ---\n* Experienced in using Pandas for data manipulation and analysis, and NumPy for numerical computations.\n* Skilled in collecting data from web pages and APIs.\nAccenture North America Data Analytics and Visualization Job Simulation on Forage\n* Completed a simulation focused on advising a hypothetical social media client as a Data Analyst at Accenture\n* Cleaned, modelled and analysed 7 datasets to uncover insights into content trends to inform strategic decisions.\nPython Project for Data Science (IBM - Coursera)\n* Conducted an in-depth analysis of stock prices and profit data for Tesla and GameStop.\n* Built an interactive dashboard to compare stock prices with company profits, aiding in investment decisions for hedge funds.",
    "OTHER": "--- LEFT COLUMN ---\nCrowdfunding Intern (Muskurahat Foundation) Dec 2023 - Jan 2024\n* Worked on Project Keytaab which aimed at providing quality education to the underprivileged children living in orphanages and\nrural villages to build their brighter future.\nCo-Secretary (Animation Club - VIT) Mar 2023 - Present\n* Organized large-scale events such as WebWiz, Create-a-thon 2.0 and Speaker sessions\n* Facilitated the induction of 10 junior core members through individual sessions aimed at familiarizing them with the technical\nand management divisions of the club",
    "SKILLS": "--- LEFT COLUMN ---\nTools : MS Office Suite: Word, Excel, PowerPoint, Power BI, Colab\n* Coding Languages : Python, SQL, C/C++, Java, Web Dev Basics (HTML, CSS, JavaScript)\n* Technical Knowledge : Data Science, Machine Learning, Probability and Statistics, Object-Oriented Programming, Data\nStructures and Algorithms, Database Systems, Operating Systems, Computer Networks",
    "ACTIVITIES": "--- LEFT COLUMN ---\nOther interests and hobbies: Sports (Football, Cricket), Hiking and Travelling, Puzzle Solving,\nIn progress : Supervised Machine Learning: Regression and Classification.\nLanguages: Hindi (Native), English (Fluent), German (Certified A2 level - Basic)"
  },
  "headings": [
    {
      "page": 0,
      "text": "EDUCATION AND ACADEMIC ACHIEVEMENTS",
      "x0": 21.600000381469727,
      "y0": 89.01200103759766,
      "x1": 249.91880798339844,
      "y1": 101.95088195800781,
      "type": "EDUCATION",
      "column": "left",
      "confidence": 0.6
    },
    {
      "page": 0,
      "text": "WORK EXPERIENCE AND PROJECTS",
      "x0": 21.600000381469727,
      "y0": 244.65200805664062,
      "x1": 199.99880981445312,
      "y1": 257.59088134765625,
      "type": "EXPERIENCE",
      "column": "left",
      "confidence": 0.6
    },
    {
      "page": 0,
      "text": "CERTIFICATIONS AND COURSE",
      "x0": 21.600000381469727,
      "y0": 456.0220031738281,
      "x1": 568.5887451171875,
      "y1": 468.96087646484375,
      "type": "CERTIFICATIONS",
      "column": "left",
      "confidence": 0.6
    },
    {
      "page": 0,
      "text": "POSITIONS OF RESPONSIBILITY",
      "x0": 15.960000038146973,
      "y0": 582.7420043945312,
      "x1": 172.00880432128906,
      "y1": 595.6808471679688,
      "type": "OTHER",
      "column": "left",
      "confidence": 0.6
    },
    {
      "page": 0,
      "text": "SKILLS",
      "x0": 21.600000381469727,
      "y0": 689.6920166015625,
      "x1": 62.452796936035156,
      "y1": 702.630859375,
      "type": "SKILLS",
      "column": "left",
      "confidence": 0.95
    },
    {
      "page": 0,
      "text": "EXTRA-CURRICULAR",
      "x0": 21.600000381469727,
      "y0": 758.2080078125,
      "x1": 128.32879638671875,
      "y1": 771.1468505859375,
      "type": "ACTIVITIES",
      "column": "left",
      "confidence": 0.6
    }
  ],
  "font_statistics": {
    "mean": 9.948599066642615,
    "median": 9.960000038146973,
    "std": 0.896685176372393,
    "p25": 9.960000038146973,
    "p50": 9.960000038146973,
    "p75": 9.960000038146973,
    "p90": 9.960000038146973,
    "p95": 11.039999961853027,
    "min": 0.9599999785423279,
    "max": 13.319513320922852,
    "most_common": 9.960000038146973,
    "heading_threshold": 10.956000041961671
  }
}