{
  "pdf_path": "resume/Monish Muskar Resume (2).pdf",
  "out_path": "resume/_output/Monish Muskar Resume (2)_highlighted.pdf",
  "column_divider": 232.245,
  "section_texts": {
    "EDUCATION": "--- LEFT COLUMN ---\nCollege club website\nColor generator application\nPerformed data analysis and applied ML algorithms on various data sets like iris flower, cars, spam detection, titanic, heart disease, house price, handwriting recognition etc.\nIOT based posture detector chair\nBasic calculator application using Android Studio\nAI tool for recommending preprocessing steps and suitable ML algorithms\nSecondary (X) CBSE\nSt Michaels's School, Hyderabad\n2009-2019\nE n g l i s h , Telugu, Hindi\nEnglish, Telugu, Hindi\nAICTE MathWorks virtual internship on Artificial Intelligence",
    "SUMMARY": "--- RIGHT COLUMN ---\nAs a student pursuing B-Tech with a specialization in Artificial Intelligence and\nMachine Learning, I am seeking a challenging and dynamic role in a forward-\nthinking organization where I can apply my skills and knowledge in AIML to\ncontribute to innovative projects. My objective is to leverage my strong foundation\nin machine learning algorithms, data analysis, and programming to solve complex\nproblems and drive advancements in artificial intelligence. I am eager to collaborate\nwith a talented team, engage in continuous learning, and make a meaningful impact\nin the field of AIML. Through a commitment to excellence and a passion for cutting-\nedge technologies, I aim to contribute to the growth and success of the organization\nwhile advancing my own professional development.\nh t t p s : //github.com/MuskarMonish S\nDogs VS Cats classification using Keras and openCV: A project implementing\ndog vs cat image classification using Keras and OpenCV.\nQuestion generator using LangChain\nLoc8r application using MEAN stack: The \"Loc8r\" application built using the\nMEAN stack is a location-based service that allows users to discover nearby\npoints of interest, such as restaurants, cafes, shops, or landmarks, by leveraging\nMongoDB, Express.js, AngularJS, and Node.js technologies.\n2021-2025\nIOT based posture detector chair\nBasic calculator application using Android Studio\n2019-2021\nCollege club website\nColor generator application\n2009-2019\nT w o w e e k s v i r tual internship on AI under IBM SkillsBuild program from 2/6/2023 to 2/20/2023\nAs a student pursuing B-Tech with a specialization in Artificial Intelligence\nand Machine Learning, I am seeking a challenging and dynamic role in a forward-thinking organization where I can apply my skills and knowledge in AIML to contribute to innovative projects. My objective is to leverage my strong foundation in machine learning algorithms, data analysis, and programming to solve complex problems and drive advancements in artificial intelligence. I am eager to collaborate with a talented team, engage in continuous learning, and make a meaningful impact in the field of AIML. Through a commitment to excellence and a passion for cutting-edge technologies, I aim to contribute to the growth and success of the organization while advancing my own professional development.\nIUCEE NEP First Year Scholar on Artificial for ALL from January 2022 to June 2022\nDogs VS Cats classification using Keras and openCV: A project implementing dog vs cat image classification using Keras and OpenCV.\nQuestion generator using LangChain\nLoc8r application using MEAN stack: The \"Loc8r\" application built usin\ng the MEAN stack is a location-based service that allows users to discover nearby points of interest, such as restaurants, cafes, shops, or landmarks, by leveraging MongoDB, Express.js, AngularJS, and Node.js technologies.\nT o p p e r f o r m e r in several coding competitions at college\nIUCEE NEP First Year Scholar on Artificial for ALL from January 2022 to June 2022\nIUCEE Certificate of Distinction on Basics of Prompt Engineering.\nData visualization with python certification from cognitive class\nArtificial Intelligence and Machine Learning fundamentals from Infosys Springboard.\nTop performer in several coding competitions at college\nPresident of A²I Club (college club)\nTechnical team lead at ENIGMA (college club)E 5 Star Golden Badge in Python in HackerRank\nTop 2% in NPTEL Python for Data Science Course."
  },
  "headings": [
    {
      "page": 0,
      "text": "C A R E E R  O B J E C T I V E",
      "x0": 248.9366912841797,
      "y0": 148.5919647216797,
      "x1": 397.64251708984375,
      "y1": 162.9943084716797,
      "type": "SUMMARY",
      "column": "right",
      "confidence": 0.6
    },
    {
      "page": 0,
      "text": "E D U C A T I O N",
      "x0": 37.46165084838867,
      "y0": 451.7345886230469,
      "x1": 124.36579132080078,
      "y1": 466.1369323730469,
      "type": "EDUCATION",
      "column": "left",
      "confidence": 0.95
    }
  ],
  "font_statistics": {
    "mean": 8.986113548278809,
    "median": 8.000024795532227,
    "std": 2.8112382541541563,
    "p25": 8.000024795532227,
    "p50": 8.000024795532227,
    "p75": 9.0,
    "p90": 12.0,
    "p95": 12.0,
    "min": 8.000024795532227,
    "max": 30.0,
    "most_common": 8.000024795532227,
    "heading_threshold": 9.0
  }
}