{
  "pdf_path": "resume/My_New_Resume_Pro_3_vir - Aditya Patki.pdf",
  "out_path": "resume/_output/My_New_Resume_Pro_3_vir - Aditya Patki_highlighted.pdf",
  "column_divider": 244.8,
  "section_texts": {
    "EDUCATION": "--- LEFT COLUMN ---\nBachelor of Technology (B.Tech) in\nInformation Technology\nAnurag University, Hyderabad\nExpected Graduation: May 2026\nStatus: 3 rd year\nCGPA: 8.97\nHigher Secondary (CBSE)\nSchool of Scholars, Nagpur\n2020 - 2022",
    "SKILLS": "--- LEFT COLUMN ---\nProgramming Languages: Java, Python, C\nWeb Technologies: HTML, CSS, JavaScript\nData Science: Data Analysis, Machine\nLearning, Data Visualization\nTechnical Skills: Data Structures and\nAlgorithms, Object-Oriented Programming\nSoft Skills: Leadership, Communication,\nTeam Collabration",
    "CERTIFICATIONS": "--- LEFT COLUMN ---\nEarned 5-star badges, showcasing advanced\nproficiency in programming languages and\nproblem-solving.\nCompleted Data Science training and\ninternship program, applying skills to real-\nworld projects.",
    "OTHER": "--- LEFT COLUMN ---\nITechnoz Club Member: Active participant\nin the university tech club, demonstrating\nleadership and teamwork.\nEngaged in various university-level tech clubs\nand competitions, enhancing problem-solving\nskills.\n\n--- RIGHT COLUMN ---\nAnalyzed a comprehensive crime dataset from Montgomery\nCounty, USA, identifying significant patterns and proposing\nactionable mitigation strategies.\n* Conducted detailed exploratory data analysis (EDA) and applied\nadvanced descriptive statistics methods, enhancing data insights.\n* Formulated critical research questions, leading to an in-depth\nanalysis that identified key crime trends and hotspots.\n* Tools Used: Python, Pandas, NumPy, Matplotlib, Seaborn\n* Result: Delivered a comprehensive report that supported crime\nprevention efforts and informed local law enforcement strategies.\n❖\n\n--- RIGHT COLUMN ---\nDeveloped a robust personal diary management system in C\nlanguage, incorporating essential file handling features for efficient\ndata storage and manipulation.\n* Implemented a binary file storage system to ensure the secure and\norganized handling of diary entries.\n* Result: Created a reliable and user-friendly application that\nimproved personal data management and accessibility for users.\n❖\n\n--- RIGHT COLUMN ---\nDeveloped a comprehensive car rental management system in Java,\nstreamlining car reservations and returns with a user-friendly\ninterface.\n* Leveraged Java's object serialization to enable potential future\ndata persistence and retrieval capabilities.\n* Streamlined user interactions with intuitive car selection and\nrental functionality.\n* Demonstrated strong proficiency in Java through advanced\nobject-oriented design, including real-time data management and\nexception handling.\n❖\n\n--- RIGHT COLUMN ---\nDeveloped an interactive virtual garden showcasing various\nmedicinal plants, allowing users to explore detailed plant\ninformation.\n* Implemented a grid layout for plant images and created plant detail\npages featuring 3D models, health benefits, and usage instructions\nusing model-viewer and three.js.\n* Integrated a backend using Express.js and MongoDB to fetch and\ndisplay plant data dynamically.\n* Technologies Used: HTML, CSS, JavaScript, MongoDB,\nExpress.js, Node.js."
  },
  "headings": [
    {
      "page": 0,
      "text": "Projects",
      "x0": 240.52999877929688,
      "y0": 140.15032958984375,
      "x1": 307.8800048828125,
      "y1": 155.69261169433594,
      "type": "PROJECTS",
      "column": "left",
      "confidence": 0.95
    },
    {
      "page": 0,
      "text": "Education",
      "x0": 32.400001525878906,
      "y0": 140.390380859375,
      "x1": 97.3740005493164,
      "y1": 155.9326629638672,
      "type": "EDUCATION",
      "column": "left",
      "confidence": 0.95
    },
    {
      "page": 0,
      "text": "Crime Statistics Analysis",
      "x0": 276.5299987792969,
      "y0": 171.3526611328125,
      "x1": 421.75,
      "y1": 185.6993865966797,
      "type": "OTHER",
      "column": "right",
      "confidence": 0.6
    },
    {
      "page": 0,
      "text": "Personal Diary Management System",
      "x0": 276.5299987792969,
      "y0": 324.14263916015625,
      "x1": 482.3800048828125,
      "y1": 338.4893493652344,
      "type": "OTHER",
      "column": "right",
      "confidence": 0.6
    },
    {
      "page": 0,
      "text": "Skills",
      "x0": 36.0,
      "y0": 334.8203430175781,
      "x1": 72.17400360107422,
      "y1": 350.3626403808594,
      "type": "SKILLS",
      "column": "left",
      "confidence": 0.95
    },
    {
      "page": 0,
      "text": "Car Rental System",
      "x0": 276.5299987792969,
      "y0": 445.1226501464844,
      "x1": 384.54998779296875,
      "y1": 459.4693603515625,
      "type": "OTHER",
      "column": "right",
      "confidence": 0.6
    },
    {
      "page": 0,
      "text": "Certifications",
      "x0": 32.400001525878906,
      "y0": 516.0403442382812,
      "x1": 117.52999877929688,
      "y1": 531.5826416015625,
      "type": "CERTIFICATIONS",
      "column": "left",
      "confidence": 0.95
    },
    {
      "page": 0,
      "text": "Virtual Herbal Garden",
      "x0": 276.5299987792969,
      "y0": 606.4326171875,
      "x1": 408.30999755859375,
      "y1": 620.7793579101562,
      "type": "OTHER",
      "column": "right",
      "confidence": 0.6
    },
    {
      "page": 0,
      "text": "Leadership & Activiti",
      "x0": 32.400001525878906,
      "y0": 647.830322265625,
      "x1": 163.07029724121094,
      "y1": 663.3726196289062,
      "type": "OTHER",
      "column": "left",
      "confidence": 0.6
    }
  ],
  "font_statistics": {
    "mean": 11.389439987182618,
    "median": 11.039999961853027,
    "std": 1.3218763584033426,
    "p25": 11.039999961853027,
    "p50": 11.039999961853027,
    "p75": 11.039999961853027,
    "p90": 12.960000038146973,
    "p95": 14.039999961853027,
    "min": 6.960000038146973,
    "max": 21.959999084472656,
    "most_common": 11.039999961853027,
    "heading_threshold": 12.14399995803833
  }
}