{
  "pdf_path": "resume/Pavan Final Resume - PAVAN TAGORE KANALA.pdf",
  "out_path": "resume/_output/Pavan Final Resume - PAVAN TAGORE KANALA_highlighted.pdf",
  "column_divider": 220.335,
  "section_texts": {
    "OTHER": "--- LEFT COLUMN ---\n6302189936\nMarks - 878/1000\n2022-2026\nHyderabad\npavantagore00@gmail.com\nMarks - 878/1000\n2020-2022\nSSC-CBSE\nNalgonda Public School\nMarks - 366/500\n2019-2020",
    "LANGUAGES": "--- LEFT COLUMN ---\nCGPA-8.78(4 Sems)\n2022-2026\nHindi\nLinkedIn\nwww.linkedin.com/in/pavan-\ntagore-kanala-1b9138329",
    "OBJECTIVE": "--- RIGHT COLUMN ---\nA dedicated and ambitious B.Tech student passionate\nabout emerging technologies andproblem-solving. I\naim to secure a role that allows me to utilize my\nengineering skills and analytical thinking to contribute\nto innovative projects. I am committed to continuous\nlearning, collaboration, and personal development to\nachieve success in dynamic and fast-paced work\nenvironments.",
    "PROJECTS": "--- RIGHT COLUMN ---\nBasic-\n-> C - Employment Management System\n-> Python - Bill Payment System\n-> Java - Attendance Management System\nIntermediate-\n-> Grocery Online Store Using HTML,CSS,Java Script,JSP\n-> Registration Form Using HTML,CSS,Java Scrip",
    "CERTIFICATIONS": "--- RIGHT COLUMN ---\nUdemy - Python Pro BootCamp\nIBM - Journey To Cloud\nCisco - Introduction To CyberSecurity\nMicrosoft - Create Computer Vision Solutions With Azure AI\nVision\nInfosys SpringBoard - HTML & CSS\nHackathons\nParticipated in CodeWars 2023 Hackathon at\nAnurag University.",
    "SKILLS": "--- RIGHT COLUMN ---\nSoft Skills Technical Skills\n-> Public Speaking -> C\n-> Time Management ->Java\n-> Leadership -> Python\n-> HTML,CSS,JS,JSP\n->Linux\n-> SQL"
  },
  "headings": [
    {
      "page": 0,
      "text": "Objective",
      "x0": 347.8852844238281,
      "y0": 114.45454406738281,
      "x1": 420.91461181640625,
      "y1": 134.04754638671875,
      "type": "OBJECTIVE",
      "column": "right",
      "confidence": 0.95
    },
    {
      "page": 0,
      "text": "Projects",
      "x0": 341.4958190917969,
      "y0": 288.1432189941406,
      "x1": 403.44287109375,
      "y1": 307.7362365722656,
      "type": "PROJECTS",
      "column": "right",
      "confidence": 0.95
    },
    {
      "page": 0,
      "text": "Bachelor Of Technology",
      "x0": 33.43949508666992,
      "y0": 384.17852783203125,
      "x1": 201.61285400390625,
      "y1": 403.77154541015625,
      "type": "OTHER",
      "column": "left",
      "confidence": 0.6
    },
    {
      "page": 0,
      "text": "Certifications",
      "x0": 327.91265869140625,
      "y0": 447.2681884765625,
      "x1": 432.8174743652344,
      "y1": 466.8612060546875,
      "type": "CERTIFICATIONS",
      "column": "right",
      "confidence": 0.95
    },
    {
      "page": 0,
      "text": "Languages",
      "x0": 51.95360565185547,
      "y0": 636.4522094726562,
      "x1": 136.0645751953125,
      "y1": 656.0452270507812,
      "type": "LANGUAGES",
      "column": "left",
      "confidence": 0.95
    },
    {
      "page": 0,
      "text": "Skills",
      "x0": 375.2059631347656,
      "y0": 661.9056396484375,
      "x1": 415.24066162109375,
      "y1": 681.4986572265625,
      "type": "SKILLS",
      "column": "right",
      "confidence": 0.95
    }
  ],
  "font_statistics": {
    "mean": 12.285026940432461,
    "median": 12.0,
    "std": 2.2328139773152302,
    "p25": 11.386923551559448,
    "p50": 12.0,
    "p75": 13.745624780654907,
    "p90": 13.994999885559082,
    "p95": 13.994999885559082,
    "min": 9.0,
    "max": 24.622501373291016,
    "most_common": 12.0,
    "heading_threshold": 13.745624780654907
  }
}