{
  "pdf_path": "resume/RE - Nagasai Vuppala.pdf",
  "out_path": "resume/_output/RE - Nagasai Vuppala_highlighted.pdf",
  "column_divider": 612.0,
  "section_texts": {
    "LANGUAGES": "--- LEFT COLUMN ---\nFrameworks : Bootstrap, React, NodeJS,React JS.\nData Analysis : My SQL.\nDeveloper Tools : VS Code, Eclipse,Git VersionControl.",
    "EDUCATION": "--- LEFT COLUMN ---\nAnurag University Aug 2022-Present\nBachelors in Computer Science - CGPA: 9.06 Hyderabad, Telangana\nNarayana Junior College 2020-2022\nBoard of Intermediate Education Hyderabad, Telangana\nINTERNSHIPS\nLetsGrowMore Sept 2023 - Oct 2023\nWeb Developer Intern Remote\nDeveloped a model to classify iris flowers based on their dimensions using Python and Google Colab.\n*\nAICTE-EduSkills July 2024 - Sept 2024\nGOOGLE AI-ML VIRTUAL Intern Remote\nCompleted Comprehensive AI-ML Training of a series of advanced training units focusing on TensorFlow, object\n*\ndetection, product image search, and image classification.\nEarned multiple badges and certifications, which are showcased on the Google Developer Profile.\n*",
    "PROJECTS": "--- LEFT COLUMN ---\nTo-Do List Application | React, HTML, CSS, JavaScript\nDeveloped a responsive To-Do List application using React to manage daily tasks efficiently.\n*\nImplemented CRUD operations (Create, Read, Update, Delete) for tasks using React state management.\n*",
    "CERTIFICATIONS": "--- LEFT COLUMN ---\nEarned Microsoft Applied Skills credential in Azure AI Document Intelligence , demonstrating proficiency in\n*\ncreating, configuring, and implementing AI-driven document processing solutions.\nPython (Basic) Certification - HackerRank : Demonstrated proficiency in Python programming\n*\nfundamentals, including data structures, algorithms, and problem-solving techniques.",
    "ACHIEVEMENTS": "--- LEFT COLUMN ---\nEarned 5-Star Ratings in C and Python, and a 4-Star Rating in Java on HackerRank, Showcasing Advanced\n*\nProgramming Skills and Expertise in Multiple Languages.\nSolved Over 50+ Algorithmic Challenges on LeetCode, Sharpening Problem-Solving Abilities and Gaining Deep\n*\nInsights Into Data Structures and Algorithms."
  },
  "headings": [
    {
      "page": 0,
      "text": "Languages",
      "x0": 39.5989990234375,
      "y0": 145.65892028808594,
      "x1": 91.59380340576172,
      "y1": 155.62152099609375,
      "type": "LANGUAGES",
      "column": "left",
      "confidence": 0.95
    },
    {
      "page": 0,
      "text": "EDUCATION",
      "x0": 28.79999542236328,
      "y0": 206.36866760253906,
      "x1": 112.00818634033203,
      "y1": 218.32386779785156,
      "type": "EDUCATION",
      "column": "left",
      "confidence": 0.95
    },
    {
      "page": 0,
      "text": "PROJECTS",
      "x0": 28.799972534179688,
      "y0": 431.0646667480469,
      "x1": 100.06492614746094,
      "y1": 443.0198669433594,
      "type": "PROJECTS",
      "column": "left",
      "confidence": 0.95
    },
    {
      "page": 0,
      "text": "CERTIFICATIONS",
      "x0": 28.800033569335938,
      "y0": 501.8436279296875,
      "x1": 145.27955627441406,
      "y1": 513.798828125,
      "type": "CERTIFICATIONS",
      "column": "left",
      "confidence": 0.95
    },
    {
      "page": 0,
      "text": "ACHIEVEMENTS",
      "x0": 28.80002212524414,
      "y0": 588.4075927734375,
      "x1": 140.56918334960938,
      "y1": 600.36279296875,
      "type": "ACHIEVEMENTS",
      "column": "left",
      "confidence": 0.95
    }
  ],
  "font_statistics": {
    "mean": 9.89426691320878,
    "median": 9.962599754333496,
    "std": 2.2819254353496907,
    "p25": 9.962599754333496,
    "p50": 9.962599754333496,
    "p75": 9.962599754333496,
    "p90": 11.11831970214844,
    "p95": 11.9552001953125,
    "min": 5.97760009765625,
    "max": 24.787099838256836,
    "most_common": 9.962599754333496,
    "heading_threshold": 10.958859729766846
  }
}