{
  "pdf_path": "resume/resumenew.pdf",
  "out_path": "resume/_output/resumenew_highlighted.pdf",
  "column_divider": 594.95996,
  "section_texts": {
    "PROFILE": "--- LEFT COLUMN ---\nA ServiceNow developer who has a strong foundation in Artificial Intelligence and Machine Learning, backed\nby expertise in Python full-stack development. I am eager to learn and contribute to improving system\nefficiency while enhancing user satisfaction.",
    "EDUCATION": "--- LEFT COLUMN ---\nAnurag University 2021 - 2025\nBachelor of Technology Hyderabad, India\nArtificial Intelligence & Machine Learning\nCPGA : 8.05\nUrbane Junior College 2019 - 2021\nIntermediate Hyderabad, India\nTSBIE | 92.2%\nDelhi Public School 2019\nSchooling Hyderabad, India\nCBSE | 88.8%",
    "PROJECTS": "--- LEFT COLUMN ---\nStudent-Management Interface for Institution using ServiceNow 2024\nDeveloped a Student-Management Interface using ServiceNow to streamline student\nregistration, course management, and communication.Leveraged ServiceNow's\nITSM capabilities to provide seamless experience for both students and faculty.\nSIGN LANGUAGE DETECTION USING MACHINE LEARNING 2024\nBuilt a system using MediaPipe Holistic and LSTM models to\nclassify gestures in real-time via webcam, leveraging Python and\nTensorFlow for efficient performance in gesture recognition.",
    "LANGUAGES": "--- LEFT COLUMN ---\n*\nSoft Skills\nTeam Leader, Critical thinking, Attention to Detail\nCERTIFICATES\nServiceNow Certified System ServiceNow Certified Introduction to Artificial\nAdministrator(CSA) Application Developer(CAD) Intelligence in Infosys\nspringboard\nCloud security foundations Introduction to cyber security\nfrom AWS Academy from Cisco Networking Cloud foundations from AWS\nAcademy Academy\nINTERNSHIP\nEduskills - AICTE GOOGLE ANDROID DEVELOPER VIRTUAL INTERNSHIP\nThe Eduskills Virtual Internship focuses on providing hands-on experience in Android app development. learned to design,\ndevelop, and deploy Android applications using tools like Java, Kotlin, and Android Studio.\n\n--- LEFT COLUMN ---\nEnglish Hindi\nTelugu"
  },
  "headings": [
    {
      "page": 0,
      "text": "PROFILE",
      "x0": 62.35546875,
      "y0": 110.03399658203125,
      "x1": 117.16069793701172,
      "y1": 128.40750122070312,
      "type": "PROFILE",
      "column": "left",
      "confidence": 0.95
    },
    {
      "page": 0,
      "text": "EDUCATION",
      "x0": 62.35546875,
      "y0": 181.28399658203125,
      "x1": 139.40257263183594,
      "y1": 199.65750122070312,
      "type": "EDUCATION",
      "column": "left",
      "confidence": 0.95
    },
    {
      "page": 0,
      "text": "PROJECTS",
      "x0": 62.35546875,
      "y0": 350.03399658203125,
      "x1": 125.86514282226562,
      "y1": 368.4075012207031,
      "type": "PROJECTS",
      "column": "left",
      "confidence": 0.95
    },
    {
      "page": 0,
      "text": "SKILLS",
      "x0": 62.35546875,
      "y0": 488.03399658203125,
      "x1": 106.74175262451172,
      "y1": 506.4075012207031,
      "type": "SKILLS",
      "column": "left",
      "confidence": 0.95
    },
    {
      "page": 0,
      "text": "Languages",
      "x0": 62.35546875,
      "y0": 512.8319702148438,
      "x1": 109.48978424072266,
      "y1": 527.1224975585938,
      "type": "LANGUAGES",
      "column": "left",
      "confidence": 0.95
    },
    {
      "page": 0,
      "text": "LANGUAGES",
      "x0": 62.35546875,
      "y0": 752.7839965820312,
      "x1": 140.82005310058594,
      "y1": 771.157470703125,
      "type": "LANGUAGES",
      "column": "left",
      "confidence": 0.95
    }
  ],
  "font_statistics": {
    "mean": 10.820387316421725,
    "median": 10.5,
    "std": 1.9963593048563641,
    "p25": 10.5,
    "p50": 10.5,
    "p75": 10.5,
    "p90": 13.5,
    "p95": 13.5,
    "min": 0.75,
    "max": 21.997499465942383,
    "most_common": 10.5,
    "heading_threshold": 11.55
  }
}