{
  "pdf_path": "resume/Resumee.pdf",
  "out_path": "resume/_output/Resumee_highlighted.pdf",
  "column_divider": 202.3952,
  "section_texts": {
    "EDUCATION": "--- LEFT COLUMN ---\nAnurag University : Hyderabad\n● Bachelor of Technology in Artificial\nIntelligence and Machine Learning\n● Expected graduation by 05/2026\no CGPA: 9.01\nGatik Junior College : Hyderabad\n● Intermediate - MPC\n● 2020-2022\no Percentage: 86.5%\nAmrita Vidyalayam : Hyderabad\n● 10th standard - CBSE\n● 2020\no Percentage: 83%",
    "SKILLS": "--- LEFT COLUMN ---\n● Python\n● JavaScript\n● Java\n● Machine Learning\n● C\n● Mongo DB\n● Data Structures\n● Express\n● SQL\n● Node\n● HTML\n● Angular\n● CSS\nOPERATING SYSTEMS\n● Windows\n● MacOS\n● Linux\nFUNDAMENTAL CONCEPTS\n● Discrete Mathematics\n● Probability and Statistics\n● Software Engineering\n● Artificial Intelligence\n● Machine learning\n● Computer Systems (OS+CN)\n● Database Management\n● Design and Analysis of Algorithms",
    "LANGUAGES": "--- LEFT COLUMN ---\n● English : Proficient\n● Telugu : Native\n● Hindi : Conversational\n● French : Conversational\nEXTRACIRCULUAR\n● Pursing Senior Diploma in Bharatnatyam\n● Masters in Abacus\n● Public Relations Team member of\nLiteraZe society, University club",
    "EXPERIENCE": "--- RIGHT COLUMN ---\nGoogle - September 2024\n● AIML Virtual Internship - EduSkills Foundation\no Participated in a virtual internship focused on AIML, supported by Google,\naimed at creating an industry-ready workforce for emerging technologies.\no Gained experience in object detection and image classification techniques,\nleveraging advanced methodologies to enhance computer vision applications.\no Contributed to improved accuracy in automated systems through hands-on\nprojects and comprehensive assessments.\nCisco - July 2024\n● Virtual Internships Program 2024 - Cisco Networking Academy\no Participated in a prestigious virtual internship program focused on Networking\nand Cyber Security, sponsored by Cisco and the All India Council for Technical\nEducation.\no Engaged in comprehensive training modules and real-world scenarios,\ndeveloping technical skills in network configuration, threat analysis, and more.\no Developed skills in network configuration and cybersecurity threat analysis,\ndirectly contributing to the identification and mitigation of network\nvulnerabilities.",
    "PROJECTS": "--- RIGHT COLUMN ---\n● Sri Vari Padalu - Classical Dance school : Project Link\no Developed using the MongoDB, Express, Angular and Node\ntechnologies, commonly known as MEAN Stack.\no Basic functionality is to allow users to browse, get enrolled and ask\nqueries about the school.\no Even gives access to the authorised person to upload event details and\nrelated pictures.\n● Loc8r - Restaurant Locations : Project Link\no Developed using the MongoDB, Express, Angular and Node\ntechnologies, commonly known as MEAN Stack.\no Features a database of restaurants, including their locations and user\nreviews, enabling users to easily find and evaluate dining options nearby.\n● SafeStep: Intelligent Wearable Sensors to Prevent Falls among Seniors:\no Hardware mixed software project for Smart India Hackathon.\no Made for detecting biological falls in elders and try to prevent them in\nfuture.\no Done using Python, Tensor flow, Sci-kit learn and ML algorithms such as\nLogistic Reasoning, Decision Trees, Support Vector Machines.",
    "CERTIFICATIONS": "--- RIGHT COLUMN ---\n● NPTEL Introduction to Machine Learning - IITKGP - September 2024\n● Google Introduction to Networking for Cyber Professionals - September 2024\n● Goldman Sachs Software Engineering Job Simulation - August 2024\n● Udemy MERN Stack - August 2024\n● Udemy Front-end Web Development - August 2024\n● Cisco Cybersecurity Essentials - July 2024\n● Cisco Introduction to Cybersecurity - June 2024\n● Cisco Introduction to Data Science - April 2024\n● NPTEL Python for Data Science - IITM - February 2024\n● IBM Skills Build Data Visualization with Python - February 2024\n● PCAP : Programming essentials in Python - January 2024\n● LinkedIn - Data Structures and Algorithms - September 2023\n● Machine Learning Workshop, IITH - September 2023\n● Naresh iTechnologies - Python - October 2022"
  },
  "headings": [
    {
      "page": 0,
      "text": "EDUCATION",
      "x0": 17.050779342651367,
      "y0": 73.46332550048828,
      "x1": 95.53829193115234,
      "y1": 87.85432434082031,
      "type": "EDUCATION",
      "column": "left",
      "confidence": 0.95
    },
    {
      "page": 0,
      "text": "EXPERIENCE",
      "x0": 224.45680236816406,
      "y0": 73.46332550048828,
      "x1": 312.9452209472656,
      "y1": 87.85432434082031,
      "type": "EXPERIENCE",
      "column": "right",
      "confidence": 0.95
    },
    {
      "page": 0,
      "text": "SKILLS",
      "x0": 14.609089851379395,
      "y0": 251.53822326660156,
      "x1": 64.83329772949219,
      "y1": 265.9292297363281,
      "type": "SKILLS",
      "column": "left",
      "confidence": 0.95
    },
    {
      "page": 0,
      "text": "PROJECTS",
      "x0": 224.45680236816406,
      "y0": 325.1990966796875,
      "x1": 292.3558044433594,
      "y1": 339.5901184082031,
      "type": "PROJECTS",
      "column": "right",
      "confidence": 0.95
    },
    {
      "page": 0,
      "text": "LANGUAGES",
      "x0": 12.981289863586426,
      "y0": 594.1574096679688,
      "x1": 95.32849884033203,
      "y1": 608.5484008789062,
      "type": "LANGUAGES",
      "column": "left",
      "confidence": 0.95
    },
    {
      "page": 0,
      "text": "CERTIFICATIONS",
      "x0": 226.17649841308594,
      "y0": 596.160400390625,
      "x1": 338.1676025390625,
      "y1": 610.5513916015625,
      "type": "CERTIFICATIONS",
      "column": "right",
      "confidence": 0.95
    }
  ],
  "font_statistics": {
    "mean": 10.298735846864416,
    "median": 10.0,
    "std": 1.3290249780802672,
    "p25": 10.0,
    "p50": 10.0,
    "p75": 10.0,
    "p90": 10.5,
    "p95": 12.300000000000011,
    "min": 9.523810386657715,
    "max": 26.0,
    "most_common": 10.0,
    "heading_threshold": 11.0
  }
}