{
  "pdf_path": "resume/Sathwik-Reddy-Thalla-CV.pdf",
  "out_path": "resume/_output/Sathwik-Reddy-Thalla-CV_highlighted.pdf",
  "column_divider": 594.95996,
  "section_texts": {
    "PROFILE": "--- LEFT COLUMN ---\nstack web development. Gaining experience in designing and analyzing algorithms for optimal performance. Eager to learn, thrive under\npressure, and collaborate effectively in team settings.",
    "EDUCATION": "--- LEFT COLUMN ---\nArtificial Intelligence & Machine Learning Hyderabad, India\nCGPA - 7.55\nIntermediate, Narayana Jr College 2021\nPercentage - 85.2% Hyd, India\nSecondary School, Sri chaitanya School 2019\nGPA - 8.7 Hyd, India",
    "SKILLS": "--- LEFT COLUMN ---\nSoft Skills: Good Communication, Time Management, Team Work, Problem Solving, Adaptabiity\nINTERNSHIPS AND PROFESSIONAL EXPERIENCE\nClubHubb, Technical Product Manager 2023 - 2024\nDeveloped and maintained ClubHubb, an open-source event hosting platform designed for colleges and\n* corporations.\nSecured Rs 2 lakh in funding and grants, achieved a user base of 10,000 active users, facilitated 100\n* events, and attracted 100k organic impressions on Instagram.\nVerzeo, Intern 2022\nA Machine Learning virtual internship.\n* Applyied ML techniques to real-world industry scenarios and gained hands-on experience in AI\n* implementation.",
    "PROJECTS": "--- LEFT COLUMN ---\nDeveloped a machine learning model for early detection of Parkinson's disease using voice analysis, leveraging vocal features like jitter,\nshimmer, and Harmonics-to-Noise Ratio (HNR) from a dataset of 195 voice samples. Implemented a Support Vector Machine (SVM)\nwith hyperparameter tuning, achieving 87% accuracy and 91% precision. Utilized Python libraries such as Librosa, Scikit-learn, and\nPandas for feature extraction and model training. Designed a non-invasive, scalable system for early diagnosis, showcasing the potential\nof AI in healthcare applications.\nAI for Medical Record Summarization\nBuilt an AI-driven medical record summarization tool with Flan-T5 XL, integrating OCR for text extraction and disease prediction. Applied\nevaluation metrics like ROUGE and BLEU for performance assessment, delivering accurate, clinically-relevant summaries for healthcare\ndecision-making.\nAI Traffic Management System\nDeveloped an automated traffic light system that adjusts signals based on real-time lane density data from Existing CCTV cameras.\nUsing machine learning and computer vision, the system analyzes traffic footage to optimize green signals for congested lane drastically\nreduction current traffic inefficiencies.",
    "CERTIFICATIONS": "--- LEFT COLUMN ---\nVerzeo: Machine Learning with Python\nMicrosoft Azure: AI-900\nAWS Academy: Cloud Foundations, Cloud Security Foundations\nCisco Networking Academy: Cyber Security Essentials, Programming Essentials in Python"
  },
  "headings": [
    {
      "page": 0,
      "text": "PROFILE",
      "x0": 39.6796875,
      "y0": 106.697998046875,
      "x1": 83.88753509521484,
      "y1": 125.15699768066406,
      "type": "PROFILE",
      "column": "left",
      "confidence": 0.95
    },
    {
      "page": 0,
      "text": "EDUCATION",
      "x0": 39.6796875,
      "y0": 167.447998046875,
      "x1": 102.71846008300781,
      "y1": 185.90699768066406,
      "type": "EDUCATION",
      "column": "left",
      "confidence": 0.95
    },
    {
      "page": 0,
      "text": "SKILLS",
      "x0": 39.6796875,
      "y0": 282.947998046875,
      "x1": 75.14408111572266,
      "y1": 301.4070129394531,
      "type": "SKILLS",
      "column": "left",
      "confidence": 0.95
    },
    {
      "page": 0,
      "text": "PROJECTS",
      "x0": 39.6796875,
      "y0": 469.697998046875,
      "x1": 91.2975082397461,
      "y1": 488.1570129394531,
      "type": "PROJECTS",
      "column": "left",
      "confidence": 0.95
    },
    {
      "page": 0,
      "text": "CERTIFICATES",
      "x0": 39.6796875,
      "y0": 664.697998046875,
      "x1": 114.25942993164062,
      "y1": 683.156982421875,
      "type": "CERTIFICATIONS",
      "column": "left",
      "confidence": 0.6
    },
    {
      "page": 0,
      "text": "STUDENT CLUB EXPERIENCE",
      "x0": 39.6796875,
      "y0": 766.697998046875,
      "x1": 191.3486328125,
      "y1": 785.156982421875,
      "type": "EXPERIENCE",
      "column": "left",
      "confidence": 0.6
    }
  ],
  "font_statistics": {
    "mean": 9.333072191261383,
    "median": 9.494999885559082,
    "std": 2.5058701899447033,
    "p25": 9.494999885559082,
    "p50": 9.494999885559082,
    "p75": 9.494999885559082,
    "p90": 9.494999885559082,
    "p95": 10.5,
    "min": 0.75,
    "max": 24.0,
    "most_common": 9.494999885559082,
    "heading_threshold": 10.44449987411499
  }
}