{
  "pdf_path": "resume/Tanish_Resume_Mar25.pdf",
  "out_path": "resume/_output/Tanish_Resume_Mar25_highlighted.pdf",
  "column_divider": 595.28,
  "section_texts": {
    "SKILLS": "--- LEFT COLUMN ---\nLanguages: C/C++, Java, Python, JavaScript, TypeScript, SQL\nTechnologies: MERN Stack (MongoDB, Express.js, ReactJS, Node.js), Machine Learning, Deep Learning, Computer\nVision, Natural Language Processing (NLP), TensorFlow, PyTorch, Git, Data Visualization, Data Structures, IoT, AWS, EC2\nWork Experience\nHSBC Software Development, India Jan 2025 - Mar 2025\nSoftware Developer Intern\n* Led the creation of two internal tools that streamlined workflow efficiency and enhanced stakeholder visibility.\n* Designed and implemented a real-time transaction monitoring and management system , improving anomaly de-\ntection and operational insights.\n* Engineered an automated GitHub commit tracker featuring dynamic dashboards and analytics, driving enhanced\nproductivity and code review efficiency.\n* Collaborated with cross-functional teams to drive product development, gaining hands-on experience in full-stack de-\nvelopment, DevOps, and API integrations.\n* Tech Stack: Node.js, React, Docker, SQL, REST API .\nThunderClient, Dublin Apr 2024 - Dec 2024\nSoftware Developer Intern\n* Created a Swagger conversion tool for automated API documentation generation, reducing conversion time from\nhours to a single click.\n* Introduced an intelligent autocomplete feature , optimizing API interactions and cutting manual entry time by ap-\nproximately 30%.\n* Designed a comprehensive documentation website for technical resources, improving onboarding speed by 3×\nand enhancing knowledge accessibility.\n* Developed a high-performance gRPC testing interface , enabling seamless automated test integration into CI/CD\npipelines.\n* Produced tutorial videos with 100k+ impressions, increasing software adoption and engagement.\n* Tech Stack: Node.js, React, MS SQL, Kotlin, TypeScript, ASP.NET, AWS, EC2, gRPC, Docker.\nClubHubb, Hyderabad Aug 2023 - Mar 2024\nCo-Founder\n* Developed and scaled ClubHubb , an open-source event booking platform, reaching 10,000+ users , 100+ events ,\nand securing Rs 2 lakh in funding. Now a community-driven open-source initiative with global contributors.",
    "EDUCATION": "--- LEFT COLUMN ---\nAnurag University Hyderabad Oct 2021 - May 2025\nB-Tech in Artificial Intelligence and Machine Learning (CSE) | CGPA: 8.5/10\n* Relevant Coursework: Object Oriented Programming, Databases, Discrete Maths, Data Structures and Algorithms,\nOperating Systems, Computer Networks, Machine Learning, Data Mining, Advance Data Structures and Algorithms,\nInformation Retrieval, Image Processing, NLP, BIG Data, Cyber Security, Cloud Computing, Deep Learning.",
    "PROJECTS": "--- LEFT COLUMN ---\n* AI Traffic Management: Designed an ML-powered traffic signal system optimizing congestion, cutting wait times by\n35%.\n* Correct Sitting Posture (IoT + AI): Engineered a real-time posture correction system reducing incorrect posture\nincidents by 50%.\n* Lvl 2 Full Self-Driving Software: Applied CNN-based lane and object detection for enhanced autonomous driving.\n* Connect2Care: Developed a Flutter-based hospital management app with an LLM chatbot, improving patient query\nresolution by 40%.\n* Postman to OpenAPI Converter: Created an automated conversion tool, saving 10+ hours of manual work per\nproject.\nAwards and Achieveme nts\n* Patent Holder: Invented an AI-powered autonomous motorized chair base.\n* Winner at HSBC AI Hackathon: Secured an internship by surpassing 4,700 competitors.\n* Founder of Club Enigma: Led a 1,100+ member AI/ML club, organizing industry-focused workshops."
  },
  "headings": [
    {
      "page": 0,
      "text": "Skills",
      "x0": 30.762001037597656,
      "y0": 91.98363494873047,
      "x1": 68.24862670898438,
      "y1": 106.329833984375,
      "type": "SKILLS",
      "column": "left",
      "confidence": 0.95
    },
    {
      "page": 0,
      "text": "Education",
      "x0": 30.762001037597656,
      "y0": 522.53466796875,
      "x1": 100.11153411865234,
      "y1": 536.880859375,
      "type": "EDUCATION",
      "column": "left",
      "confidence": 0.95
    },
    {
      "page": 0,
      "text": "Projects",
      "x0": 30.762001037597656,
      "y0": 611.2866821289062,
      "x1": 87.37210845947266,
      "y1": 625.6328735351562,
      "type": "PROJECTS",
      "column": "left",
      "confidence": 0.95
    }
  ],
  "font_statistics": {
    "mean": 10.254377166084621,
    "median": 9.962599754333496,
    "std": 1.172542428810849,
    "p25": 9.962599754333496,
    "p50": 9.962599754333496,
    "p75": 9.962599754333496,
    "p90": 9.962599754333496,
    "p95": 14.346199989318848,
    "min": 9.962599754333496,
    "max": 17.21540069580078,
    "most_common": 9.962599754333496,
    "heading_threshold": 10.958859729766846
  }
}