{
  "pdf_path": "resume/TejasaisumukhTammanaResume - Tejasaisumukh Tammana.pdf",
  "out_path": "resume/_output/TejasaisumukhTammanaResume - Tejasaisumukh Tammana_highlighted.pdf",
  "column_divider": 309.8783896,
  "section_texts": {
    "EDUCATION": "--- LEFT COLUMN ---\nBtech Computer science and engineering\nVellore institute of technology Vellore\n2024 - 2028",
    "LANGUAGES": "--- LEFT COLUMN ---\nJava Python\nIntermediate Intermediate\nJavascript HTMl\nBeginner Beginner\nwww.enhancv.com",
    "ACHIEVEMENTS": "--- RIGHT COLUMN ---\n Visual recognition system\nI have made a visual recognition system by\nusing deep learning for attendance.\n Wize wallet\nI am making a website for tracking and\nbudgeting the expense of the user\nespecially for students",
    "SKILLS": "--- RIGHT COLUMN ---\nGood programming\n\nPowered by"
  },
  "headings": [
    {
      "page": 0,
      "text": "EDUCATION",
      "x0": 38.69281768798828,
      "y0": 106.2022705078125,
      "x1": 117.4817886352539,
      "y1": 122.73869323730469,
      "type": "EDUCATION",
      "column": "left",
      "confidence": 0.95
    },
    {
      "page": 0,
      "text": "KEY ACHIEVEMENTS",
      "x0": 358.3843078613281,
      "y0": 106.2022705078125,
      "x1": 495.0300598144531,
      "y1": 122.73869323730469,
      "type": "ACHIEVEMENTS",
      "column": "right",
      "confidence": 0.6
    },
    {
      "page": 0,
      "text": "LANGUAGES",
      "x0": 38.69281768798828,
      "y0": 178.51344299316406,
      "x1": 122.82649230957031,
      "y1": 195.04986572265625,
      "type": "LANGUAGES",
      "column": "left",
      "confidence": 0.95
    },
    {
      "page": 0,
      "text": "SKILLS",
      "x0": 358.3843078613281,
      "y0": 231.7953643798828,
      "x1": 405.5655822753906,
      "y1": 248.331787109375,
      "type": "SKILLS",
      "column": "right",
      "confidence": 0.95
    }
  ],
  "font_statistics": {
    "mean": 11.217245327798944,
    "median": 8.246010780334473,
    "std": 9.236938319186285,
    "p25": 7.611701965332031,
    "p50": 8.246010780334473,
    "p75": 10.783244609832764,
    "p90": 14.525664901733407,
    "p95": 17.094614362716662,
    "min": 6.977393627166748,
    "max": 63.430850982666016,
    "most_common": 7.611701965332031,
    "heading_threshold": 10.783244609832764
  }
}