{
  "pdf_path": "resume/Vinod_s_Resume.pdf",
  "out_path": "resume/_output/Vinod_s_Resume_highlighted.pdf",
  "column_divider": 612.0,
  "section_texts": {
    "EDUCATION": "--- LEFT COLUMN ---\nAnurag University Hyderabad, India\nArtificial Intelligence and Machine Learning, CGPA:9.25 2021 - 2025\nSri Chaitanya Hyderabad, India\nTSBIE , 974 2019 - 2021\nPanchavati Vidyalaya Mahabubnagar , India\nState Borad , CGPA: 9.7 2019",
    "EXPERIENCE": "--- LEFT COLUMN ---\nSoftware Developer Intern May 2024 - Present\nThunder Client Limited Dublin, Ireland\nCollaborated on developing features and debugging, improving code quality and application performance.\n*\nWorked on the authentication module, developing Single Sign-On (SSO) solutions and integrating SSO with other\n*\nservices.\nFull Stack Developer (Freelance Project)\nAgrihar Hyderabad\nDeveloped the Agrihar platform, enabling users to schedule and attend agricultural classes both online and offline.\n*\nIntegrated payment solutions for seamless booking.\nLed a development team to ensure timely delivery and high-quality implementation of features using Node.js,\n*\nPostgreSQL, React, and Express.\nIntegrated various platforms such as Google Login, Zoom, and payment gateways for enhanced user experience and\n*\nfunctionality.",
    "PROJECTS": "--- LEFT COLUMN ---\nClubhubb | MERN stack\nWorked at a startup company focused on event management for clubs, allowing them to organize events and track\n*\ncheck-ins.\nUtilized the MERN stack and TypeScript to build a full-stack event management website and led a development\n*\nteam.\nAchieved 1,000+ users and 500+ registrations for Daksha events, significantly enhancing student engagement and\n*\ncommunity building.\nEcommerce | MERN stack\nExplored the MERN stack through this project, gaining hands-on experience with authentication, frontend,\n*\nbackend, and database management.\nMachine Learning Projects\nCompleted various machine learning projects, including recognizing digits, classifying traffic signals, predicting\n*\ncustomer churn, and building recommendation systems.\nEarned certification in supervised machine learning from Analytics Vidhya .\n*",
    "SKILLS": "--- LEFT COLUMN ---\nProficient in : C, Python , JavaScript, HTML/CSS, Data Structure and Algorithms\nFamiliar with : React, Node.js, Express , MongoDB, TypeScript , SQL, Machine Learning\nDeveloper Tools : Git, Github, VS Code\nAcademic and Extracurricular Achievements\n* Academic Topper from 2021 to 2024.\n* Achieved 2nd position in the \"Hack the Verse\" Hackathon conducted by CMR .\n* Actively volunteering as a Machine Learning Mentor and assisting with HTML/CSS in the Google Developer Student\nClubs."
  },
  "headings": [
    {
      "page": 0,
      "text": "Education",
      "x0": 36.0,
      "y0": 82.73876953125,
      "x1": 98.86044311523438,
      "y1": 94.6939697265625,
      "type": "EDUCATION",
      "column": "left",
      "confidence": 0.95
    },
    {
      "page": 0,
      "text": "Experience",
      "x0": 35.99993896484375,
      "y0": 196.18475341796875,
      "x1": 104.08480834960938,
      "y1": 208.13995361328125,
      "type": "EXPERIENCE",
      "column": "left",
      "confidence": 0.95
    },
    {
      "page": 0,
      "text": "Projects",
      "x0": 36.000003814697266,
      "y0": 392.80078125,
      "x1": 90.75482177734375,
      "y1": 404.7559814453125,
      "type": "PROJECTS",
      "column": "left",
      "confidence": 0.95
    },
    {
      "page": 0,
      "text": "Technical Skills",
      "x0": 36.0,
      "y0": 609.5457763671875,
      "x1": 138.70712280273438,
      "y1": 621.5009765625,
      "type": "SKILLS",
      "column": "left",
      "confidence": 0.6
    }
  ],
  "font_statistics": {
    "mean": 9.851175385852192,
    "median": 9.962599754333496,
    "std": 2.2156720484850427,
    "p25": 9.962599754333496,
    "p50": 9.962599754333496,
    "p75": 9.962599754333496,
    "p90": 10.909099578857422,
    "p95": 11.9552001953125,
    "min": 5.97760009765625,
    "max": 24.787099838256836,
    "most_common": 9.962599754333496,
    "heading_threshold": 10.958859729766846
  }
}